ïgeographicidentifiercode,id2,geographicareaname,naicscode,meaningof2007naicscode,year,numberofestablishments,receipts1000,v9
0500000US09001,9001,"Fairfield County, Connecticut",0,Total for all sectors,2009,83306,5581639,-0.055843963
0500000US09003,9003,"Hartford County, Connecticut",0,Total for all sectors,2009,54296,2813162,-0.007757598
0500000US09005,9005,"Litchfield County, Connecticut",0,Total for all sectors,2009,17091,874562,-0.080224601
0500000US09007,9007,"Middlesex County, Connecticut",0,Total for all sectors,2009,13045,671672,-0.061724532
0500000US09009,9009,"New Haven County, Connecticut",0,Total for all sectors,2009,55263,2748922,-0.03445977
0500000US09011,9011,"New London County, Connecticut",0,Total for all sectors,2009,15945,711330,-0.0250478
0500000US09013,9013,"Tolland County, Connecticut",0,Total for all sectors,2009,9380,410607,-0.102268777
0500000US09015,9015,"Windham County, Connecticut",0,Total for all sectors,2009,6738,283227,-0.048149243
0500000US23001,23001,"Androscoggin County, Maine",0,Total for all sectors,2009,6393,268838,-0.079923749
0500000US23003,23003,"Aroostook County, Maine",0,Total for all sectors,2009,4488,163453,-0.102522992
0500000US23005,23005,"Cumberland County, Maine",0,Total for all sectors,2009,25177,1183153,-0.02023455
0500000US23007,23007,"Franklin County, Maine",0,Total for all sectors,2009,2523,77764,-0.117701786
0500000US23009,23009,"Hancock County, Maine",0,Total for all sectors,2009,7374,269747,-0.074300441
0500000US23011,23011,"Kennebec County, Maine",0,Total for all sectors,2009,8832,314074,-0.065091787
0500000US23013,23013,"Knox County, Maine",0,Total for all sectors,2009,5736,230186,-0.062707158
0500000US23015,23015,"Lincoln County, Maine",0,Total for all sectors,2009,4863,169083,-0.119295157
0500000US23017,23017,"Oxford County, Maine",0,Total for all sectors,2009,4395,155340,-0.052510232
0500000US23019,23019,"Penobscot County, Maine",0,Total for all sectors,2009,9599,340236,-0.080803469
0500000US23021,23021,"Piscataquis County, Maine",0,Total for all sectors,2009,1352,43657,-0.166692117
0500000US23023,23023,"Sagadahoc County, Maine",0,Total for all sectors,2009,3200,104081,-0.127547214
0500000US23025,23025,"Somerset County, Maine",0,Total for all sectors,2009,3433,111853,-0.123930888
0500000US23027,23027,"Waldo County, Maine",0,Total for all sectors,2009,3889,124280,-0.129008746
0500000US23029,23029,"Washington County, Maine",0,Total for all sectors,2009,3914,132895,-0.099126886
0500000US23031,23031,"York County, Maine",0,Total for all sectors,2009,16331,664988,-0.076114275
0500000US25001,25001,"Barnstable County, Massachusetts",0,Total for all sectors,2009,24321,1096402,-0.007561851
0500000US25003,25003,"Berkshire County, Massachusetts",0,Total for all sectors,2009,10063,435235,0.063255175
0500000US25005,25005,"Bristol County, Massachusetts",0,Total for all sectors,2009,30699,1363561,0.076274324
0500000US25007,25007,"Dukes County, Massachusetts",0,Total for all sectors,2009,3383,166210,-0.092001683
0500000US25009,25009,"Essex County, Massachusetts",0,Total for all sectors,2009,55609,2666299,0.099095018
0500000US25011,25011,"Franklin County, Massachusetts",0,Total for all sectors,2009,6224,208964,-0.008305096
0500000US25013,25013,"Hampden County, Massachusetts",0,Total for all sectors,2009,23539,1072875,0.086009195
0500000US25015,25015,"Hampshire County, Massachusetts",0,Total for all sectors,2009,12651,479648,0.01695749
0500000US25017,25017,"Middlesex County, Massachusetts",0,Total for all sectors,2009,121538,6105213,0.098779237
0500000US25019,25019,"Nantucket County, Massachusetts",0,Total for all sectors,2009,2038,125592,-0.076210161
0500000US25021,25021,"Norfolk County, Massachusetts",0,Total for all sectors,2009,51712,2876537,0.134346904
0500000US25023,25023,"Plymouth County, Massachusetts",0,Total for all sectors,2009,34464,1628317,0.002310158
0500000US25025,25025,"Suffolk County, Massachusetts",0,Total for all sectors,2009,45294,2407683,0.263618224
0500000US25027,25027,"Worcester County, Massachusetts",0,Total for all sectors,2009,49902,2163945,0.031700814
0500000US33001,33001,"Belknap County, New Hampshire",0,Total for all sectors,2009,5589,260513,-0.074498282
0500000US33003,33003,"Carroll County, New Hampshire",0,Total for all sectors,2009,5653,259089,-0.124356167
0500000US33005,33005,"Cheshire County, New Hampshire",0,Total for all sectors,2009,5948,263198,-0.066650591
0500000US33007,33007,"Coos County, New Hampshire",0,Total for all sectors,2009,2566,96282,-0.105975208
0500000US33009,33009,"Grafton County, New Hampshire",0,Total for all sectors,2009,8103,388385,-0.052398252
0500000US33011,33011,"Hillsborough County, New Hampshire",0,Total for all sectors,2009,28010,1386023,-0.051215704
0500000US33013,33013,"Merrimack County, New Hampshire",0,Total for all sectors,2009,11326,522751,-0.038735528
0500000US33015,33015,"Rockingham County, New Hampshire",0,Total for all sectors,2009,25607,1356039,-0.035693257
0500000US33017,33017,"Strafford County, New Hampshire",0,Total for all sectors,2009,7769,339223,-0.004644871
0500000US33019,33019,"Sullivan County, New Hampshire",0,Total for all sectors,2009,3444,133363,-0.085772065
0500000US44001,44001,"Bristol County, Rhode Island",0,Total for all sectors,2009,4088,181557,0.052705735
0500000US44003,44003,"Kent County, Rhode Island",0,Total for all sectors,2009,10942,481519,0.058991062
0500000US44005,44005,"Newport County, Rhode Island",0,Total for all sectors,2009,7088,313383,-0.143073945
0500000US44007,44007,"Providence County, Rhode Island",0,Total for all sectors,2009,39194,1596500,-0.003765908
0500000US44009,44009,"Washington County, Rhode Island",0,Total for all sectors,2009,10787,475149,0.010630627
0500000US50001,50001,"Addison County, Vermont",0,Total for all sectors,2009,3883,199851,0.349751798
0500000US50003,50003,"Bennington County, Vermont",0,Total for all sectors,2009,3772,147130,-0.092109566
0500000US50005,50005,"Caledonia County, Vermont",0,Total for all sectors,2009,3025,106270,-0.104928913
0500000US50007,50007,"Chittenden County, Vermont",0,Total for all sectors,2009,13310,594746,0.004640211
0500000US50009,50009,"Essex County, Vermont",0,Total for all sectors,2009,566,20610,-0.085057267
0500000US50011,50011,"Franklin County, Vermont",0,Total for all sectors,2009,3573,133177,-0.059005992
0500000US50013,50013,"Grand Isle County, Vermont",0,Total for all sectors,2009,752,26457,0.006581951
0500000US50015,50015,"Lamoille County, Vermont",0,Total for all sectors,2009,2641,97101,-0.087936654
0500000US50017,50017,"Orange County, Vermont",0,Total for all sectors,2009,3025,104415,-0.154589176
0500000US50019,50019,"Orleans County, Vermont",0,Total for all sectors,2009,2508,85502,-0.157665557
0500000US50021,50021,"Rutland County, Vermont",0,Total for all sectors,2009,5241,177927,-0.035552833
0500000US50023,50023,"Washington County, Vermont",0,Total for all sectors,2009,6187,224424,-0.042326846
0500000US50025,50025,"Windham County, Vermont",0,Total for all sectors,2009,5481,193041,-0.044365678
0500000US50027,50027,"Windsor County, Vermont",0,Total for all sectors,2009,6286,230773,-0.052780423
0500000US09001,9001,"Fairfield County, Connecticut",0,Total for all sectors,2010,84224,5687810,0.019021474
0500000US09003,9003,"Hartford County, Connecticut",0,Total for all sectors,2010,54638,2861993,0.017358048
0500000US09005,9005,"Litchfield County, Connecticut",0,Total for all sectors,2010,16926,877463,0.003317089
0500000US09007,9007,"Middlesex County, Connecticut",0,Total for all sectors,2010,12938,668377,-0.004905668
0500000US09009,9009,"New Haven County, Connecticut",0,Total for all sectors,2010,55320,2746734,-0.000795948
0500000US09011,9011,"New London County, Connecticut",0,Total for all sectors,2010,15886,715662,0.00609
0500000US09013,9013,"Tolland County, Connecticut",0,Total for all sectors,2010,9209,409505,-0.002683831
0500000US09015,9015,"Windham County, Connecticut",0,Total for all sectors,2010,6652,275044,-0.028892019
0500000US23001,23001,"Androscoggin County, Maine",0,Total for all sectors,2010,6278,264775,-0.015113191
0500000US23003,23003,"Aroostook County, Maine",0,Total for all sectors,2010,4365,162413,-0.006362685
0500000US23005,23005,"Cumberland County, Maine",0,Total for all sectors,2010,25324,1244904,0.052191897
0500000US23007,23007,"Franklin County, Maine",0,Total for all sectors,2010,2508,81581,0.049084409
0500000US23009,23009,"Hancock County, Maine",0,Total for all sectors,2010,7328,292208,0.083266913
0500000US23011,23011,"Kennebec County, Maine",0,Total for all sectors,2010,8549,309189,-0.015553659
0500000US23013,23013,"Knox County, Maine",0,Total for all sectors,2010,5648,246378,0.070343114
0500000US23015,23015,"Lincoln County, Maine",0,Total for all sectors,2010,4759,175254,0.036496868
0500000US23017,23017,"Oxford County, Maine",0,Total for all sectors,2010,4385,154777,-0.003624308
0500000US23019,23019,"Penobscot County, Maine",0,Total for all sectors,2010,9477,340915,0.001995674
0500000US23021,23021,"Piscataquis County, Maine",0,Total for all sectors,2010,1319,43531,-0.002886135
0500000US23023,23023,"Sagadahoc County, Maine",0,Total for all sectors,2010,3128,108879,0.046098712
0500000US23025,23025,"Somerset County, Maine",0,Total for all sectors,2010,3380,113706,0.016566386
0500000US23027,23027,"Waldo County, Maine",0,Total for all sectors,2010,3787,126635,0.018949147
0500000US23029,23029,"Washington County, Maine",0,Total for all sectors,2010,3896,144905,0.090372098
0500000US23031,23031,"York County, Maine",0,Total for all sectors,2010,16243,667158,0.003263217
0500000US25001,25001,"Barnstable County, Massachusetts",0,Total for all sectors,2010,24384,1151556,0.050304542
0500000US25003,25003,"Berkshire County, Massachusetts",0,Total for all sectors,2010,10072,451001,0.036224109
0500000US25005,25005,"Bristol County, Massachusetts",0,Total for all sectors,2010,30523,1354099,-0.006939184
0500000US25007,25007,"Dukes County, Massachusetts",0,Total for all sectors,2010,3396,176301,0.060712352
0500000US25009,25009,"Essex County, Massachusetts",0,Total for all sectors,2010,56198,2649901,-0.006150098
0500000US25011,25011,"Franklin County, Massachusetts",0,Total for all sectors,2010,6068,208852,-0.000535977
0500000US25013,25013,"Hampden County, Massachusetts",0,Total for all sectors,2010,23295,1077313,0.004136549
0500000US25015,25015,"Hampshire County, Massachusetts",0,Total for all sectors,2010,12472,483825,0.00870847
0500000US25017,25017,"Middlesex County, Massachusetts",0,Total for all sectors,2010,121791,6354654,0.040857051
0500000US25019,25019,"Nantucket County, Massachusetts",0,Total for all sectors,2010,2044,128403,0.022381999
0500000US25021,25021,"Norfolk County, Massachusetts",0,Total for all sectors,2010,51892,2941829,0.022698126
0500000US25023,25023,"Plymouth County, Massachusetts",0,Total for all sectors,2010,34698,1676866,0.029815447
0500000US25025,25025,"Suffolk County, Massachusetts",0,Total for all sectors,2010,46252,2514514,0.044370874
0500000US25027,25027,"Worcester County, Massachusetts",0,Total for all sectors,2010,49449,2218813,0.025355543
0500000US33001,33001,"Belknap County, New Hampshire",0,Total for all sectors,2010,5609,269041,0.032735411
0500000US33003,33003,"Carroll County, New Hampshire",0,Total for all sectors,2010,5540,260129,0.004014065
0500000US33005,33005,"Cheshire County, New Hampshire",0,Total for all sectors,2010,5897,270667,0.028377875
0500000US33007,33007,"Coos County, New Hampshire",0,Total for all sectors,2010,2502,92203,-0.042365136
0500000US33009,33009,"Grafton County, New Hampshire",0,Total for all sectors,2010,7936,399373,0.028291515
0500000US33011,33011,"Hillsborough County, New Hampshire",0,Total for all sectors,2010,27715,1454337,0.049287782
0500000US33013,33013,"Merrimack County, New Hampshire",0,Total for all sectors,2010,11060,516408,-0.012133884
0500000US33015,33015,"Rockingham County, New Hampshire",0,Total for all sectors,2010,25475,1433074,0.056808838
0500000US33017,33017,"Strafford County, New Hampshire",0,Total for all sectors,2010,7698,332901,-0.018636708
0500000US33019,33019,"Sullivan County, New Hampshire",0,Total for all sectors,2010,3391,136178,0.021107804
0500000US44001,44001,"Bristol County, Rhode Island",0,Total for all sectors,2010,4093,181803,0.001354946
0500000US44003,44003,"Kent County, Rhode Island",0,Total for all sectors,2010,11003,482750,0.002556493
0500000US44005,44005,"Newport County, Rhode Island",0,Total for all sectors,2010,7092,321159,0.024813088
0500000US44007,44007,"Providence County, Rhode Island",0,Total for all sectors,2010,38937,1633937,0.023449421
0500000US44009,44009,"Washington County, Rhode Island",0,Total for all sectors,2010,10809,493007,0.037584
0500000US50001,50001,"Addison County, Vermont",0,Total for all sectors,2010,3820,133748,-0.330761417
0500000US50003,50003,"Bennington County, Vermont",0,Total for all sectors,2010,3710,146875,-0.001733161
0500000US50005,50005,"Caledonia County, Vermont",0,Total for all sectors,2010,2991,107075,0.007575045
0500000US50007,50007,"Chittenden County, Vermont",0,Total for all sectors,2010,13396,612400,0.02968326
0500000US50009,50009,"Essex County, Vermont",0,Total for all sectors,2010,552,19302,-0.063464338
0500000US50011,50011,"Franklin County, Vermont",0,Total for all sectors,2010,3560,136370,0.023975611
0500000US50013,50013,"Grand Isle County, Vermont",0,Total for all sectors,2010,731,24948,-0.057035945
0500000US50015,50015,"Lamoille County, Vermont",0,Total for all sectors,2010,2699,103092,0.061698644
0500000US50017,50017,"Orange County, Vermont",0,Total for all sectors,2010,3003,103559,-0.008198056
0500000US50019,50019,"Orleans County, Vermont",0,Total for all sectors,2010,2575,88264,0.032303338
0500000US50021,50021,"Rutland County, Vermont",0,Total for all sectors,2010,5264,180743,0.015826715
0500000US50023,50023,"Washington County, Vermont",0,Total for all sectors,2010,6155,230425,0.026739564
0500000US50025,50025,"Windham County, Vermont",0,Total for all sectors,2010,5321,190701,-0.012121777
0500000US50027,50027,"Windsor County, Vermont",0,Total for all sectors,2010,6168,226600,-0.018082705
0500000US09001,9001,"Fairfield County, Connecticut",0,Total for all sectors,2011,85962,5961701,0.048154035
0500000US09003,9003,"Hartford County, Connecticut",0,Total for all sectors,2011,55652,2945739,0.029261427
0500000US09005,9005,"Litchfield County, Connecticut",0,Total for all sectors,2011,16944,909975,0.037052275
0500000US09007,9007,"Middlesex County, Connecticut",0,Total for all sectors,2011,13190,709988,0.06225678
0500000US09009,9009,"New Haven County, Connecticut",0,Total for all sectors,2011,56187,2867082,0.043814945
0500000US09011,9011,"New London County, Connecticut",0,Total for all sectors,2011,15891,742002,0.036805084
0500000US09013,9013,"Tolland County, Connecticut",0,Total for all sectors,2011,9379,429759,0.049459714
0500000US09015,9015,"Windham County, Connecticut",0,Total for all sectors,2011,6630,281784,0.02450517
0500000US23001,23001,"Androscoggin County, Maine",0,Total for all sectors,2011,6268,267991,0.012146162
0500000US23003,23003,"Aroostook County, Maine",0,Total for all sectors,2011,4324,170929,0.052434226
0500000US23005,23005,"Cumberland County, Maine",0,Total for all sectors,2011,25629,1309665,0.052020879
0500000US23007,23007,"Franklin County, Maine",0,Total for all sectors,2011,2465,84116,0.031073412
0500000US23009,23009,"Hancock County, Maine",0,Total for all sectors,2011,7396,297594,0.018432076
0500000US23011,23011,"Kennebec County, Maine",0,Total for all sectors,2011,8471,306338,-0.009220897
0500000US23013,23013,"Knox County, Maine",0,Total for all sectors,2011,5735,262005,0.063426929
0500000US23015,23015,"Lincoln County, Maine",0,Total for all sectors,2011,4702,168556,-0.038218814
0500000US23017,23017,"Oxford County, Maine",0,Total for all sectors,2011,4341,151687,-0.019964207
0500000US23019,23019,"Penobscot County, Maine",0,Total for all sectors,2011,9296,338739,-0.006382823
0500000US23021,23021,"Piscataquis County, Maine",0,Total for all sectors,2011,1310,42022,-0.034664951
0500000US23023,23023,"Sagadahoc County, Maine",0,Total for all sectors,2011,3206,115558,0.061343326
0500000US23025,23025,"Somerset County, Maine",0,Total for all sectors,2011,3414,115588,0.016551457
0500000US23027,23027,"Waldo County, Maine",0,Total for all sectors,2011,3779,127578,0.007446598
0500000US23029,23029,"Washington County, Maine",0,Total for all sectors,2011,3845,145289,0.002650012
0500000US23031,23031,"York County, Maine",0,Total for all sectors,2011,16319,683597,0.02464034
0500000US25001,25001,"Barnstable County, Massachusetts",0,Total for all sectors,2011,24818,1211652,0.05218678
0500000US25003,25003,"Berkshire County, Massachusetts",0,Total for all sectors,2011,10074,428065,-0.050855763
0500000US25005,25005,"Bristol County, Massachusetts",0,Total for all sectors,2011,30819,1416346,0.045969312
0500000US25007,25007,"Dukes County, Massachusetts",0,Total for all sectors,2011,3509,182052,0.032620348
0500000US25009,25009,"Essex County, Massachusetts",0,Total for all sectors,2011,56913,2773303,0.046568532
0500000US25011,25011,"Franklin County, Massachusetts",0,Total for all sectors,2011,6077,211723,0.013746577
0500000US25013,25013,"Hampden County, Massachusetts",0,Total for all sectors,2011,23232,1110789,0.031073606
0500000US25015,25015,"Hampshire County, Massachusetts",0,Total for all sectors,2011,12641,506071,0.045979435
0500000US25017,25017,"Middlesex County, Massachusetts",0,Total for all sectors,2011,123298,6547964,0.030420224
0500000US25019,25019,"Nantucket County, Massachusetts",0,Total for all sectors,2011,2082,149053,0.160821788
0500000US25021,25021,"Norfolk County, Massachusetts",0,Total for all sectors,2011,53225,3154054,0.072140495
0500000US25023,25023,"Plymouth County, Massachusetts",0,Total for all sectors,2011,35178,1770243,0.055685427
0500000US25025,25025,"Suffolk County, Massachusetts",0,Total for all sectors,2011,47845,2635789,0.048229996
0500000US25027,25027,"Worcester County, Massachusetts",0,Total for all sectors,2011,50065,2291221,0.032633665
0500000US33001,33001,"Belknap County, New Hampshire",0,Total for all sectors,2011,5546,276230,0.026720834
0500000US33003,33003,"Carroll County, New Hampshire",0,Total for all sectors,2011,5484,282284,0.085169281
0500000US33005,33005,"Cheshire County, New Hampshire",0,Total for all sectors,2011,5836,265828,-0.017878057
0500000US33007,33007,"Coos County, New Hampshire",0,Total for all sectors,2011,2409,97237,0.054596922
0500000US33009,33009,"Grafton County, New Hampshire",0,Total for all sectors,2011,7923,402633,0.008162795
0500000US33011,33011,"Hillsborough County, New Hampshire",0,Total for all sectors,2011,27698,1450189,-0.002852159
0500000US33013,33013,"Merrimack County, New Hampshire",0,Total for all sectors,2011,11063,539506,0.044728199
0500000US33015,33015,"Rockingham County, New Hampshire",0,Total for all sectors,2011,25621,1449876,0.011724447
0500000US33017,33017,"Strafford County, New Hampshire",0,Total for all sectors,2011,7761,350270,0.052174671
0500000US33019,33019,"Sullivan County, New Hampshire",0,Total for all sectors,2011,3371,136345,0.001226336
0500000US44001,44001,"Bristol County, Rhode Island",0,Total for all sectors,2011,4151,184818,0.016583885
0500000US44003,44003,"Kent County, Rhode Island",0,Total for all sectors,2011,11083,495565,0.026545831
0500000US44005,44005,"Newport County, Rhode Island",0,Total for all sectors,2011,7221,340349,0.059752335
0500000US44007,44007,"Providence County, Rhode Island",0,Total for all sectors,2011,39712,1656910,0.014059906
0500000US44009,44009,"Washington County, Rhode Island",0,Total for all sectors,2011,10893,498846,0.011843645
0500000US50001,50001,"Addison County, Vermont",0,Total for all sectors,2011,3842,138174,0.033092084
0500000US50003,50003,"Bennington County, Vermont",0,Total for all sectors,2011,3706,147643,0.005228936
0500000US50005,50005,"Caledonia County, Vermont",0,Total for all sectors,2011,3042,115166,0.075563857
0500000US50007,50007,"Chittenden County, Vermont",0,Total for all sectors,2011,13533,640096,0.045225343
0500000US50009,50009,"Essex County, Vermont",0,Total for all sectors,2011,540,20592,0.066832453
0500000US50011,50011,"Franklin County, Vermont",0,Total for all sectors,2011,3672,150796,0.10578573
0500000US50013,50013,"Grand Isle County, Vermont",0,Total for all sectors,2011,713,28636,0.147827481
0500000US50015,50015,"Lamoille County, Vermont",0,Total for all sectors,2011,2794,108893,0.056270128
0500000US50017,50017,"Orange County, Vermont",0,Total for all sectors,2011,2998,103879,0.003090026
0500000US50019,50019,"Orleans County, Vermont",0,Total for all sectors,2011,2530,90026,0.019962839
0500000US50021,50021,"Rutland County, Vermont",0,Total for all sectors,2011,5236,188845,0.044826079
0500000US50023,50023,"Washington County, Vermont",0,Total for all sectors,2011,6084,235375,0.021482044
0500000US50025,50025,"Windham County, Vermont",0,Total for all sectors,2011,5247,196639,0.03113775
0500000US50027,50027,"Windsor County, Vermont",0,Total for all sectors,2011,6130,241068,0.063848191
0500000US09001,9001,"Fairfield County, Connecticut",0,Total for all sectors,2012,87297,6214172,0.04234882
0500000US09003,9003,"Hartford County, Connecticut",0,Total for all sectors,2012,55974,3017928,0.024506244
0500000US09005,9005,"Litchfield County, Connecticut",0,Total for all sectors,2012,17004,933969,0.026367757
0500000US09007,9007,"Middlesex County, Connecticut",0,Total for all sectors,2012,13260,727186,0.024222945
0500000US09009,9009,"New Haven County, Connecticut",0,Total for all sectors,2012,56601,2985719,0.041379005
0500000US09011,9011,"New London County, Connecticut",0,Total for all sectors,2012,15880,749520,0.010132048
0500000US09013,9013,"Tolland County, Connecticut",0,Total for all sectors,2012,9338,442995,0.030798657
0500000US09015,9015,"Windham County, Connecticut",0,Total for all sectors,2012,6568,289367,0.026910683
0500000US23001,23001,"Androscoggin County, Maine",0,Total for all sectors,2012,6136,271674,0.013742999
0500000US23003,23003,"Aroostook County, Maine",0,Total for all sectors,2012,4237,170086,-0.004931872
0500000US23005,23005,"Cumberland County, Maine",0,Total for all sectors,2012,25867,1254634,-0.042019142
0500000US23007,23007,"Franklin County, Maine",0,Total for all sectors,2012,2425,83741,-0.004458129
0500000US23009,23009,"Hancock County, Maine",0,Total for all sectors,2012,7448,308555,0.03683206
0500000US23011,23011,"Kennebec County, Maine",0,Total for all sectors,2012,8266,302630,-0.012104277
0500000US23013,23013,"Knox County, Maine",0,Total for all sectors,2012,5716,259865,-0.008167783
0500000US23015,23015,"Lincoln County, Maine",0,Total for all sectors,2012,4729,179254,0.063468521
0500000US23017,23017,"Oxford County, Maine",0,Total for all sectors,2012,4320,161452,0.064375985
0500000US23019,23019,"Penobscot County, Maine",0,Total for all sectors,2012,9307,340392,0.004879863
0500000US23021,23021,"Piscataquis County, Maine",0,Total for all sectors,2012,1254,40500,-0.036219123
0500000US23023,23023,"Sagadahoc County, Maine",0,Total for all sectors,2012,3167,119586,0.034856955
0500000US23025,23025,"Somerset County, Maine",0,Total for all sectors,2012,3384,116835,0.010788317
0500000US23027,23027,"Waldo County, Maine",0,Total for all sectors,2012,3788,127309,-0.002108514
0500000US23029,23029,"Washington County, Maine",0,Total for all sectors,2012,3762,149708,0.030415241
0500000US23031,23031,"York County, Maine",0,Total for all sectors,2012,16311,707189,0.034511562
0500000US25001,25001,"Barnstable County, Massachusetts",0,Total for all sectors,2012,25021,1241434,0.024579665
0500000US25003,25003,"Berkshire County, Massachusetts",0,Total for all sectors,2012,10076,421193,-0.016053637
0500000US25005,25005,"Bristol County, Massachusetts",0,Total for all sectors,2012,30501,1439079,0.016050457
0500000US25007,25007,"Dukes County, Massachusetts",0,Total for all sectors,2012,3598,194228,0.06688199
0500000US25009,25009,"Essex County, Massachusetts",0,Total for all sectors,2012,56528,2853855,0.02904551
0500000US25011,25011,"Franklin County, Massachusetts",0,Total for all sectors,2012,6103,216931,0.024598178
0500000US25013,25013,"Hampden County, Massachusetts",0,Total for all sectors,2012,23337,1126351,0.014009861
0500000US25015,25015,"Hampshire County, Massachusetts",0,Total for all sectors,2012,12687,531614,0.050473155
0500000US25017,25017,"Middlesex County, Massachusetts",0,Total for all sectors,2012,124404,6786410,0.036415289
0500000US25019,25019,"Nantucket County, Massachusetts",0,Total for all sectors,2012,2215,165239,0.108592246
0500000US25021,25021,"Norfolk County, Massachusetts",0,Total for all sectors,2012,53228,3228180,0.023501817
0500000US25023,25023,"Plymouth County, Massachusetts",0,Total for all sectors,2012,35082,1814674,0.025098814
0500000US25025,25025,"Suffolk County, Massachusetts",0,Total for all sectors,2012,48049,2773500,0.052246595
0500000US25027,25027,"Worcester County, Massachusetts",0,Total for all sectors,2012,49581,2305128,0.006069689
0500000US33001,33001,"Belknap County, New Hampshire",0,Total for all sectors,2012,5586,285953,0.035198928
0500000US33003,33003,"Carroll County, New Hampshire",0,Total for all sectors,2012,5468,279106,-0.011258166
0500000US33005,33005,"Cheshire County, New Hampshire",0,Total for all sectors,2012,5898,281372,0.0584739
0500000US33007,33007,"Coos County, New Hampshire",0,Total for all sectors,2012,2377,91554,-0.058444831
0500000US33009,33009,"Grafton County, New Hampshire",0,Total for all sectors,2012,7960,417323,0.036484839
0500000US33011,33011,"Hillsborough County, New Hampshire",0,Total for all sectors,2012,27519,1492804,0.029385825
0500000US33013,33013,"Merrimack County, New Hampshire",0,Total for all sectors,2012,10935,531165,-0.01546044
0500000US33015,33015,"Rockingham County, New Hampshire",0,Total for all sectors,2012,25554,1515512,0.045270078
0500000US33017,33017,"Strafford County, New Hampshire",0,Total for all sectors,2012,7702,346644,-0.010352014
0500000US33019,33019,"Sullivan County, New Hampshire",0,Total for all sectors,2012,3311,138976,0.019296637
0500000US44001,44001,"Bristol County, Rhode Island",0,Total for all sectors,2012,4216,199633,0.080159941
0500000US44003,44003,"Kent County, Rhode Island",0,Total for all sectors,2012,10953,500978,0.010922886
0500000US44005,44005,"Newport County, Rhode Island",0,Total for all sectors,2012,7294,360039,0.057852381
0500000US44007,44007,"Providence County, Rhode Island",0,Total for all sectors,2012,39638,1687746,0.018610546
0500000US44009,44009,"Washington County, Rhode Island",0,Total for all sectors,2012,11053,515680,0.033745886
0500000US50001,50001,"Addison County, Vermont",0,Total for all sectors,2012,3798,136589,-0.011471044
0500000US50003,50003,"Bennington County, Vermont",0,Total for all sectors,2012,3743,156644,0.060964624
0500000US50005,50005,"Caledonia County, Vermont",0,Total for all sectors,2012,2930,109978,-0.045048018
0500000US50007,50007,"Chittenden County, Vermont",0,Total for all sectors,2012,13617,650342,0.016006974
0500000US50009,50009,"Essex County, Vermont",0,Total for all sectors,2012,536,19896,-0.033799534
0500000US50011,50011,"Franklin County, Vermont",0,Total for all sectors,2012,3657,149734,-0.007042627
0500000US50013,50013,"Grand Isle County, Vermont",0,Total for all sectors,2012,736,30357,0.060099176
0500000US50015,50015,"Lamoille County, Vermont",0,Total for all sectors,2012,2746,109279,0.003544764
0500000US50017,50017,"Orange County, Vermont",0,Total for all sectors,2012,2948,104710,0.007999692
0500000US50019,50019,"Orleans County, Vermont",0,Total for all sectors,2012,2527,95667,0.062659676
0500000US50021,50021,"Rutland County, Vermont",0,Total for all sectors,2012,5161,181135,-0.040827133
0500000US50023,50023,"Washington County, Vermont",0,Total for all sectors,2012,6088,241142,0.024501328
0500000US50025,50025,"Windham County, Vermont",0,Total for all sectors,2012,5192,188676,-0.040495527
0500000US50027,50027,"Windsor County, Vermont",0,Total for all sectors,2012,6157,239457,-0.006682762
0500000US09001,9001,"Fairfield County, Connecticut",0,Total for all sectors,2013,88363,6108595,-0.016989713
0500000US09003,9003,"Hartford County, Connecticut",0,Total for all sectors,2013,56271,3052857,0.011573835
0500000US09005,9005,"Litchfield County, Connecticut",0,Total for all sectors,2013,16961,923775,-0.010914709
0500000US09007,9007,"Middlesex County, Connecticut",0,Total for all sectors,2013,13156,724382,-0.00385596
0500000US09009,9009,"New Haven County, Connecticut",0,Total for all sectors,2013,57091,2961071,-0.008255298
0500000US09011,9011,"New London County, Connecticut",0,Total for all sectors,2013,15978,754827,0.007080532
0500000US09013,9013,"Tolland County, Connecticut",0,Total for all sectors,2013,9190,433194,-0.022124403
0500000US09015,9015,"Windham County, Connecticut",0,Total for all sectors,2013,6501,283869,-0.019000093
0500000US23001,23001,"Androscoggin County, Maine",0,Total for all sectors,2013,5969,269906,-0.0065078
0500000US23003,23003,"Aroostook County, Maine",0,Total for all sectors,2013,4148,159427,-0.062668297
0500000US23005,23005,"Cumberland County, Maine",0,Total for all sectors,2013,26119,1296097,0.033047885
0500000US23007,23007,"Franklin County, Maine",0,Total for all sectors,2013,2389,79681,-0.048482822
0500000US23009,23009,"Hancock County, Maine",0,Total for all sectors,2013,7451,318537,0.032350796
0500000US23011,23011,"Kennebec County, Maine",0,Total for all sectors,2013,8198,304829,0.007266299
0500000US23013,23013,"Knox County, Maine",0,Total for all sectors,2013,5681,272532,0.04874454
0500000US23015,23015,"Lincoln County, Maine",0,Total for all sectors,2013,4587,178976,-0.001550872
0500000US23017,23017,"Oxford County, Maine",0,Total for all sectors,2013,4268,163315,0.011539033
0500000US23019,23019,"Penobscot County, Maine",0,Total for all sectors,2013,9215,340269,-0.000361348
0500000US23021,23021,"Piscataquis County, Maine",0,Total for all sectors,2013,1179,38942,-0.038469136
0500000US23023,23023,"Sagadahoc County, Maine",0,Total for all sectors,2013,3109,116334,-0.027193819
0500000US23025,23025,"Somerset County, Maine",0,Total for all sectors,2013,3294,111364,-0.046826721
0500000US23027,23027,"Waldo County, Maine",0,Total for all sectors,2013,3756,127343,0.000267067
0500000US23029,23029,"Washington County, Maine",0,Total for all sectors,2013,3649,155744,0.040318487
0500000US23031,23031,"York County, Maine",0,Total for all sectors,2013,16248,723898,0.023627347
0500000US25001,25001,"Barnstable County, Massachusetts",0,Total for all sectors,2013,24948,1269552,0.022649613
0500000US25003,25003,"Berkshire County, Massachusetts",0,Total for all sectors,2013,10054,437532,0.038792193
0500000US25005,25005,"Bristol County, Massachusetts",0,Total for all sectors,2013,30906,1455397,0.011339197
0500000US25007,25007,"Dukes County, Massachusetts",0,Total for all sectors,2013,3695,205461,0.057834092
0500000US25009,25009,"Essex County, Massachusetts",0,Total for all sectors,2013,56791,2856664,0.000984283
0500000US25011,25011,"Franklin County, Massachusetts",0,Total for all sectors,2013,5922,211741,-0.023924658
0500000US25013,25013,"Hampden County, Massachusetts",0,Total for all sectors,2013,23446,1135203,0.007859007
0500000US25015,25015,"Hampshire County, Massachusetts",0,Total for all sectors,2013,12700,534810,0.006011881
0500000US25017,25017,"Middlesex County, Massachusetts",0,Total for all sectors,2013,125980,6911758,0.018470443
0500000US25019,25019,"Nantucket County, Massachusetts",0,Total for all sectors,2013,2322,173609,0.050653901
0500000US25021,25021,"Norfolk County, Massachusetts",0,Total for all sectors,2013,52921,3310192,0.025405027
0500000US25023,25023,"Plymouth County, Massachusetts",0,Total for all sectors,2013,35386,1889073,0.040998548
0500000US25025,25025,"Suffolk County, Massachusetts",0,Total for all sectors,2013,49184,2827385,0.01942852
0500000US25027,25027,"Worcester County, Massachusetts",0,Total for all sectors,2013,49892,2371589,0.028831805
0500000US33001,33001,"Belknap County, New Hampshire",0,Total for all sectors,2013,5524,285640,-0.001094585
0500000US33003,33003,"Carroll County, New Hampshire",0,Total for all sectors,2013,5384,271069,-0.028795511
0500000US33005,33005,"Cheshire County, New Hampshire",0,Total for all sectors,2013,5837,291068,0.034459719
0500000US33007,33007,"Coos County, New Hampshire",0,Total for all sectors,2013,2227,88176,-0.036896258
0500000US33009,33009,"Grafton County, New Hampshire",0,Total for all sectors,2013,7890,417347,5.75E-05
0500000US33011,33011,"Hillsborough County, New Hampshire",0,Total for all sectors,2013,27576,1548741,0.037471095
0500000US33013,33013,"Merrimack County, New Hampshire",0,Total for all sectors,2013,10928,544003,0.024169514
0500000US33015,33015,"Rockingham County, New Hampshire",0,Total for all sectors,2013,25514,1529772,0.009409361
0500000US33017,33017,"Strafford County, New Hampshire",0,Total for all sectors,2013,7643,363770,0.049405153
0500000US33019,33019,"Sullivan County, New Hampshire",0,Total for all sectors,2013,3272,144848,0.0422519
0500000US44001,44001,"Bristol County, Rhode Island",0,Total for all sectors,2013,4166,201210,0.007899496
0500000US44003,44003,"Kent County, Rhode Island",0,Total for all sectors,2013,11127,543108,0.084095509
0500000US44005,44005,"Newport County, Rhode Island",0,Total for all sectors,2013,7428,361503,0.004066226
0500000US44007,44007,"Providence County, Rhode Island",0,Total for all sectors,2013,39945,1700551,0.007587042
0500000US44009,44009,"Washington County, Rhode Island",0,Total for all sectors,2013,11092,528894,0.025624418
0500000US50001,50001,"Addison County, Vermont",0,Total for all sectors,2013,3780,139595,0.022007629
0500000US50003,50003,"Bennington County, Vermont",0,Total for all sectors,2013,3637,152673,-0.025350476
0500000US50005,50005,"Caledonia County, Vermont",0,Total for all sectors,2013,2964,113912,0.035770791
0500000US50007,50007,"Chittenden County, Vermont",0,Total for all sectors,2013,13650,665539,0.023367705
0500000US50009,50009,"Essex County, Vermont",0,Total for all sectors,2013,540,19692,-0.010253317
0500000US50011,50011,"Franklin County, Vermont",0,Total for all sectors,2013,3693,150488,0.005035596
0500000US50013,50013,"Grand Isle County, Vermont",0,Total for all sectors,2013,707,30253,-0.003425898
0500000US50015,50015,"Lamoille County, Vermont",0,Total for all sectors,2013,2751,111926,0.024222403
0500000US50017,50017,"Orange County, Vermont",0,Total for all sectors,2013,2956,113820,0.087002197
0500000US50019,50019,"Orleans County, Vermont",0,Total for all sectors,2013,2541,97659,0.020822227
0500000US50021,50021,"Rutland County, Vermont",0,Total for all sectors,2013,5016,173145,-0.044110746
0500000US50023,50023,"Washington County, Vermont",0,Total for all sectors,2013,6007,228349,-0.053051729
0500000US50025,50025,"Windham County, Vermont",0,Total for all sectors,2013,5101,188790,0.00060421
0500000US50027,50027,"Windsor County, Vermont",0,Total for all sectors,2013,6103,246034,0.027466309
0500000US09001,9001,"Fairfield County, Connecticut",0,Total for all sectors,2014,90880,6355278,0.040382936
0500000US09003,9003,"Hartford County, Connecticut",0,Total for all sectors,2014,57906,3188982,0.04458938
0500000US09005,9005,"Litchfield County, Connecticut",0,Total for all sectors,2014,17010,950383,0.028803551
0500000US09007,9007,"Middlesex County, Connecticut",0,Total for all sectors,2014,13410,745254,0.028813527
0500000US09009,9009,"New Haven County, Connecticut",0,Total for all sectors,2014,58579,3051285,0.030466679
0500000US09011,9011,"New London County, Connecticut",0,Total for all sectors,2014,16099,779958,0.033293722
0500000US09013,9013,"Tolland County, Connecticut",0,Total for all sectors,2014,9330,450082,0.038984843
0500000US09015,9015,"Windham County, Connecticut",0,Total for all sectors,2014,6631,298352,0.051020013
0500000US23001,23001,"Androscoggin County, Maine",0,Total for all sectors,2014,6117,280007,0.03742414
0500000US23003,23003,"Aroostook County, Maine",0,Total for all sectors,2014,4119,165550,0.038406293
0500000US23005,23005,"Cumberland County, Maine",0,Total for all sectors,2014,27280,1372588,0.059016416
0500000US23007,23007,"Franklin County, Maine",0,Total for all sectors,2014,2366,80383,0.00881013
0500000US23009,23009,"Hancock County, Maine",0,Total for all sectors,2014,7520,343605,0.078697294
0500000US23011,23011,"Kennebec County, Maine",0,Total for all sectors,2014,8309,316068,0.036869852
0500000US23013,23013,"Knox County, Maine",0,Total for all sectors,2014,5838,289245,0.061324909
0500000US23015,23015,"Lincoln County, Maine",0,Total for all sectors,2014,4678,183439,0.024936304
0500000US23017,23017,"Oxford County, Maine",0,Total for all sectors,2014,4333,172438,0.055861372
0500000US23019,23019,"Penobscot County, Maine",0,Total for all sectors,2014,9243,362982,0.06675013
0500000US23021,23021,"Piscataquis County, Maine",0,Total for all sectors,2014,1199,40451,0.038749936
0500000US23023,23023,"Sagadahoc County, Maine",0,Total for all sectors,2014,3221,124840,0.07311706
0500000US23025,23025,"Somerset County, Maine",0,Total for all sectors,2014,3268,122114,0.096530297
0500000US23027,23027,"Waldo County, Maine",0,Total for all sectors,2014,3844,135398,0.06325436
0500000US23029,23029,"Washington County, Maine",0,Total for all sectors,2014,3771,178214,0.144275221
0500000US23031,23031,"York County, Maine",0,Total for all sectors,2014,16671,754309,0.042010062
0500000US25001,25001,"Barnstable County, Massachusetts",0,Total for all sectors,2014,25490,1313540,0.034648443
0500000US25003,25003,"Berkshire County, Massachusetts",0,Total for all sectors,2014,10121,445299,0.017751844
0500000US25005,25005,"Bristol County, Massachusetts",0,Total for all sectors,2014,31674,1495209,0.027354736
0500000US25007,25007,"Dukes County, Massachusetts",0,Total for all sectors,2014,3879,212145,0.032531721
0500000US25009,25009,"Essex County, Massachusetts",0,Total for all sectors,2014,58468,3030159,0.060733429
0500000US25011,25011,"Franklin County, Massachusetts",0,Total for all sectors,2014,6081,224475,0.06013951
0500000US25013,25013,"Hampden County, Massachusetts",0,Total for all sectors,2014,23956,1152845,0.015540833
0500000US25015,25015,"Hampshire County, Massachusetts",0,Total for all sectors,2014,12853,556679,0.040891158
0500000US25017,25017,"Middlesex County, Massachusetts",0,Total for all sectors,2014,131892,7254414,0.04957581
0500000US25019,25019,"Nantucket County, Massachusetts",0,Total for all sectors,2014,2418,185903,0.070814301
0500000US25021,25021,"Norfolk County, Massachusetts",0,Total for all sectors,2014,55172,3453931,0.043423161
0500000US25023,25023,"Plymouth County, Massachusetts",0,Total for all sectors,2014,36565,1973072,0.044465725
0500000US25025,25025,"Suffolk County, Massachusetts",0,Total for all sectors,2014,52973,2990081,0.057542924
0500000US25027,25027,"Worcester County, Massachusetts",0,Total for all sectors,2014,50732,2503017,0.055417697
0500000US33001,33001,"Belknap County, New Hampshire",0,Total for all sectors,2014,5583,299073,0.047027727
0500000US33003,33003,"Carroll County, New Hampshire",0,Total for all sectors,2014,5469,286013,0.055129875
0500000US33005,33005,"Cheshire County, New Hampshire",0,Total for all sectors,2014,5953,302353,0.038771009
0500000US33007,33007,"Coos County, New Hampshire",0,Total for all sectors,2014,2213,89071,0.010150154
0500000US33009,33009,"Grafton County, New Hampshire",0,Total for all sectors,2014,7949,429243,0.028503859
0500000US33011,33011,"Hillsborough County, New Hampshire",0,Total for all sectors,2014,28189,1609614,0.039304829
0500000US33013,33013,"Merrimack County, New Hampshire",0,Total for all sectors,2014,10985,578954,0.064247807
0500000US33015,33015,"Rockingham County, New Hampshire",0,Total for all sectors,2014,25986,1634520,0.068472949
0500000US33017,33017,"Strafford County, New Hampshire",0,Total for all sectors,2014,7772,381838,0.049668747
0500000US33019,33019,"Sullivan County, New Hampshire",0,Total for all sectors,2014,3246,151513,0.046013752
0500000US44001,44001,"Bristol County, Rhode Island",0,Total for all sectors,2014,4227,203203,0.009905074
0500000US44003,44003,"Kent County, Rhode Island",0,Total for all sectors,2014,11197,516901,-0.048253754
0500000US44005,44005,"Newport County, Rhode Island",0,Total for all sectors,2014,7606,356178,-0.014730168
0500000US44007,44007,"Providence County, Rhode Island",0,Total for all sectors,2014,40843,1757469,0.033470328
0500000US44009,44009,"Washington County, Rhode Island",0,Total for all sectors,2014,11350,548135,0.03637969
0500000US50001,50001,"Addison County, Vermont",0,Total for all sectors,2014,3868,144641,0.036147426
0500000US50003,50003,"Bennington County, Vermont",0,Total for all sectors,2014,3734,156648,0.026036038
0500000US50005,50005,"Caledonia County, Vermont",0,Total for all sectors,2014,3001,117581,0.032209074
0500000US50007,50007,"Chittenden County, Vermont",0,Total for all sectors,2014,14061,702718,0.055862992
0500000US50009,50009,"Essex County, Vermont",0,Total for all sectors,2014,560,20562,0.044180378
0500000US50011,50011,"Franklin County, Vermont",0,Total for all sectors,2014,3659,155321,0.032115518
0500000US50013,50013,"Grand Isle County, Vermont",0,Total for all sectors,2014,705,31058,0.026608931
0500000US50015,50015,"Lamoille County, Vermont",0,Total for all sectors,2014,2744,113223,0.011588014
0500000US50017,50017,"Orange County, Vermont",0,Total for all sectors,2014,2943,112344,-0.012967844
0500000US50019,50019,"Orleans County, Vermont",0,Total for all sectors,2014,2540,106549,0.091031037
0500000US50021,50021,"Rutland County, Vermont",0,Total for all sectors,2014,5035,179631,0.037459932
0500000US50023,50023,"Washington County, Vermont",0,Total for all sectors,2014,6065,239606,0.049297347
0500000US50025,50025,"Windham County, Vermont",0,Total for all sectors,2014,5141,200643,0.062784046
0500000US50027,50027,"Windsor County, Vermont",0,Total for all sectors,2014,6125,255494,0.03844997
0500000US09001,9001,"Fairfield County, Connecticut",0,Total for all sectors,2015,91902,6610956,0.040230813
0500000US09003,9003,"Hartford County, Connecticut",0,Total for all sectors,2015,58242,3174864,-0.004427118
0500000US09005,9005,"Litchfield County, Connecticut",0,Total for all sectors,2015,17074,956720,0.006667838
0500000US09007,9007,"Middlesex County, Connecticut",0,Total for all sectors,2015,13359,728621,-0.022318565
0500000US09009,9009,"New Haven County, Connecticut",0,Total for all sectors,2015,59574,3111983,0.019892603
0500000US09011,9011,"New London County, Connecticut",0,Total for all sectors,2015,16548,788915,0.011483952
0500000US09013,9013,"Tolland County, Connecticut",0,Total for all sectors,2015,9357,443638,-0.014317391
0500000US09015,9015,"Windham County, Connecticut",0,Total for all sectors,2015,6753,307086,0.029274146
0500000US23001,23001,"Androscoggin County, Maine",0,Total for all sectors,2015,6137,288809,0.031434928
0500000US23003,23003,"Aroostook County, Maine",0,Total for all sectors,2015,4035,165952,0.002428269
0500000US23005,23005,"Cumberland County, Maine",0,Total for all sectors,2015,28144,1427954,0.04033694
0500000US23007,23007,"Franklin County, Maine",0,Total for all sectors,2015,2391,82344,0.024395706
0500000US23009,23009,"Hancock County, Maine",0,Total for all sectors,2015,7621,356084,0.036317865
0500000US23011,23011,"Kennebec County, Maine",0,Total for all sectors,2015,8395,321382,0.016812838
0500000US23013,23013,"Knox County, Maine",0,Total for all sectors,2015,5919,306212,0.058659614
0500000US23015,23015,"Lincoln County, Maine",0,Total for all sectors,2015,4652,182971,-0.002551257
0500000US23017,23017,"Oxford County, Maine",0,Total for all sectors,2015,4401,183408,0.063617068
0500000US23019,23019,"Penobscot County, Maine",0,Total for all sectors,2015,9201,361008,-0.005438286
0500000US23021,23021,"Piscataquis County, Maine",0,Total for all sectors,2015,1149,41109,0.016266594
0500000US23023,23023,"Sagadahoc County, Maine",0,Total for all sectors,2015,3213,125952,0.008907401
0500000US23025,23025,"Somerset County, Maine",0,Total for all sectors,2015,3188,115579,-0.053515567
0500000US23027,23027,"Waldo County, Maine",0,Total for all sectors,2015,3853,134162,-0.009128643
0500000US23029,23029,"Washington County, Maine",0,Total for all sectors,2015,3776,185804,0.042589247
0500000US23031,23031,"York County, Maine",0,Total for all sectors,2015,16937,797202,0.056863964
0500000US25001,25001,"Barnstable County, Massachusetts",0,Total for all sectors,2015,25597,1336258,0.017295248
0500000US25003,25003,"Berkshire County, Massachusetts",0,Total for all sectors,2015,10183,450167,0.010931981
0500000US25005,25005,"Bristol County, Massachusetts",0,Total for all sectors,2015,31874,1574245,0.0528595
0500000US25007,25007,"Dukes County, Massachusetts",0,Total for all sectors,2015,3856,225683,0.063814844
0500000US25009,25009,"Essex County, Massachusetts",0,Total for all sectors,2015,60336,3122816,0.030578263
0500000US25011,25011,"Franklin County, Massachusetts",0,Total for all sectors,2015,6168,226823,0.010459962
0500000US25013,25013,"Hampden County, Massachusetts",0,Total for all sectors,2015,24116,1188098,0.030579132
0500000US25015,25015,"Hampshire County, Massachusetts",0,Total for all sectors,2015,12965,570879,0.025508417
0500000US25017,25017,"Middlesex County, Massachusetts",0,Total for all sectors,2015,134915,7511157,0.03539128
0500000US25019,25019,"Nantucket County, Massachusetts",0,Total for all sectors,2015,2472,192640,0.036239329
0500000US25021,25021,"Norfolk County, Massachusetts",0,Total for all sectors,2015,56887,3529927,0.022002756
0500000US25023,25023,"Plymouth County, Massachusetts",0,Total for all sectors,2015,37096,2020047,0.023808052
0500000US25025,25025,"Suffolk County, Massachusetts",0,Total for all sectors,2015,56292,3152339,0.05426542
0500000US25027,25027,"Worcester County, Massachusetts",0,Total for all sectors,2015,51541,2553812,0.02029351
0500000US33001,33001,"Belknap County, New Hampshire",0,Total for all sectors,2015,5609,307260,0.027374587
0500000US33003,33003,"Carroll County, New Hampshire",0,Total for all sectors,2015,5566,295171,0.032019524
0500000US33005,33005,"Cheshire County, New Hampshire",0,Total for all sectors,2015,5892,305188,0.009376457
0500000US33007,33007,"Coos County, New Hampshire",0,Total for all sectors,2015,2207,96481,0.08319206
0500000US33009,33009,"Grafton County, New Hampshire",0,Total for all sectors,2015,8108,441922,0.029538047
0500000US33011,33011,"Hillsborough County, New Hampshire",0,Total for all sectors,2015,28477,1657792,0.0299314
0500000US33013,33013,"Merrimack County, New Hampshire",0,Total for all sectors,2015,10989,589347,0.01795134
0500000US33015,33015,"Rockingham County, New Hampshire",0,Total for all sectors,2015,26488,1682628,0.029432494
0500000US33017,33017,"Strafford County, New Hampshire",0,Total for all sectors,2015,7920,392813,0.028742556
0500000US33019,33019,"Sullivan County, New Hampshire",0,Total for all sectors,2015,3181,144196,-0.048292886
0500000US44001,44001,"Bristol County, Rhode Island",0,Total for all sectors,2015,4329,206780,0.017603087
0500000US44003,44003,"Kent County, Rhode Island",0,Total for all sectors,2015,11589,543570,0.051594019
0500000US44005,44005,"Newport County, Rhode Island",0,Total for all sectors,2015,7698,378667,0.063139778
0500000US44007,44007,"Providence County, Rhode Island",0,Total for all sectors,2015,41595,1801081,0.024815231
0500000US44009,44009,"Washington County, Rhode Island",0,Total for all sectors,2015,11536,558579,0.0190537
0500000US50001,50001,"Addison County, Vermont",0,Total for all sectors,2015,3848,146873,0.015431309
0500000US50003,50003,"Bennington County, Vermont",0,Total for all sectors,2015,3749,168026,0.072634186
0500000US50005,50005,"Caledonia County, Vermont",0,Total for all sectors,2015,2960,121188,0.030676725
0500000US50007,50007,"Chittenden County, Vermont",0,Total for all sectors,2015,14274,720543,0.025365794
0500000US50009,50009,"Essex County, Vermont",0,Total for all sectors,2015,542,22412,0.089971793
0500000US50011,50011,"Franklin County, Vermont",0,Total for all sectors,2015,3626,153410,-0.012303552
0500000US50013,50013,"Grand Isle County, Vermont",0,Total for all sectors,2015,709,28518,-0.081782472
0500000US50015,50015,"Lamoille County, Vermont",0,Total for all sectors,2015,2777,123362,0.089548943
0500000US50017,50017,"Orange County, Vermont",0,Total for all sectors,2015,2960,116121,0.033619953
0500000US50019,50019,"Orleans County, Vermont",0,Total for all sectors,2015,2542,102975,-0.033543252
0500000US50021,50021,"Rutland County, Vermont",0,Total for all sectors,2015,4952,187662,0.044708319
0500000US50023,50023,"Washington County, Vermont",0,Total for all sectors,2015,6158,247484,0.032878976
0500000US50025,50025,"Windham County, Vermont",0,Total for all sectors,2015,5166,209633,0.044805949
0500000US50027,50027,"Windsor County, Vermont",0,Total for all sectors,2015,6049,262171,0.026133686